id,claim,source,version,location,url,access_date,qualification
P01,Most apparel was excluded from US GSP before suspension,USTR GSP Guidebook,July 2013,Eligible articles section,https://www.ustr.gov/sites/default/files/GSP%20Guidebook%20July%202013.pdf,2026-09-26,General exclusion; not an exhaustive tariff-line audit
P02,Cotton T-shirts HTS6109.10.00 general duty16.5% with no GSP symbol,USITC HTS,2013 Basic edition,Chapter61 entry6109.10.00,https://www.usitc.gov/publications/docs/tata/hts/bychapter/1300c61.pdf,2026-09-26,Illustrative product check
P03,Other cotton trousers HTS6203.42.40 general duty16.6% with no GSP symbol,USITC HTS,2013 Basic edition,Chapter62 entry6203.42.40,https://www.usitc.gov/publications/docs/tata/hts/bychapter/1300c62.pdf,2026-09-26,Illustrative product check
P04,2012 actual Bangladesh GSP imports $34.7m; tobacco sports porcelain plastics lead,USTR announcement,27 June 2013,Background paragraphs1-2,https://ustr.gov/about-us/policy-offices/press-office/press-releases/2013/june/michael-froman-gsp-bangladesh,2026-09-26,Actual aggregate use; no HTS-level utilization panel acquired
P05,Suspension proclamation27June published2July2013 with60-day provision,Proclamation8997,78FR39949,Operative clause1,https://www.govinfo.gov/content/pkg/FR-2013-07-02/pdf/2013-16104.pdf,2026-09-26,Announcement and customs implementation distinguished
P06,Corrected customs implementation date3September2013,CBP CSMS,10July2013 correction,Notice body,https://content.govdelivery.com/accounts/USDHSCBP/bulletins/82fe9c,2026-09-26,HTS2014change record instead gives31August; unresolved
P07,HTSchange record lists31August2013 suspension date,USITC HTS changes,2014,Proclamation8997 entry,https://www.usitc.gov/publications/docs/tata/hts/bychapter/1400chgs.pdf,2026-09-26,Conflicts with corrected CBP operational notice; annual results unaffected
P08,GSP common expiration31July2013,USTR review,16January2015,Background,https://ustr.gov/about-us/policy-offices/press-office/press-releases/2015/january/gsp-review-bangladesh-recognizes,2026-09-26,Program lapse distinct from country suspension
P09,Renewal29July2015 and retroactivity exclude Bangladesh,CBP notice,80FR44986-44987;28July2015,Renewal and retroactivity paragraphs,https://www.govinfo.gov/content/pkg/FR-2015-07-28/pdf/2015-18459.pdf,2026-09-26,Eligible entries1Aug2013-28July2015; country exclusions matter
P10,EU EBA access in2013 and conditional withdrawal provisions,European Parliament,23May2013 P7_TA(2013)0230,Paragraphs7-8,https://www.europarl.europa.eu/doceo/document/TA-7-2013-0230_EN.pdf,2026-09-26,Historical context; no actual EU withdrawal inferred
P11,RanaPlaza24April2013;Accord finalized15May2013,European Parliament,23May2013,RecitalA;paragraph4,https://www.europarl.europa.eu/doceo/document/TA-7-2013-0230_EN.pdf,2026-09-26,Accord text itself dated13May with15May signatures
P12,Accord includes feasible remediation financing and qualified sourcing commitments,Original Accord,13May2013 text;15May signatures,"Paragraphs13-15,18,21-23;pp4-6",https://internationalaccord.org/wp-content/uploads/2024/12/2013-Accord.pdf,2026-09-26,Contract content does not prove implementation
P13,Compact combines labor rights safety and responsible business conduct,ILO report,10July2013,Body and urgent law reform,https://www.ilo.org/resource/news/ilo-eu-bangladesh-government-adopt-new-compact-garment-factory-safety,2026-09-26,Launch8July documented in EuropeanParliament2015recitalJ
P14,2019 trade measures complicate endpoint sourcing interpretation,USTR announcement,13August2019,Announcement body,https://ustr.gov/about-us/policy-offices/press-office/press-releases/2019/august/ustr-announces-next-steps-proposed,2026-09-26,Do not treat announced rates as final tariff schedule
L01,Job access changes marriage fertility education and work choices,Heath and Mobarak,7January2015 author manuscript;JDE115(2015)1-15,"Manuscriptpp10-18 methods;pp19-30 results;Tables4,6,8",https://www.dropbox.com/scl/fi/l54smbvs5hssm9ih73ut8/garments_HeathMobarak.pdf?rlkey=ghx1gbh93yrk4dn7l3ubic7ek&dl=1,2026-09-26,Retrospective local sample and nonrandom factory location; not post2013 study
L02,Published scrutiny study reports positive wage and conditions estimates,Bossavie Cho Heath,March2023 publication-linked author manuscript;JDE163103107,Sections3-4;Table2;pp13-21,https://www.dropbox.com/scl/fi/1tbkdvp35nqfa8i343wdr/BCH.pdf?dl=1&rlkey=exjt986u5ac2nez1uoglq5lmf,2026-09-26,Triple differences; approximate10%wages0.80SDconditions; bundledresponses
L03,District controls may capture subcontracting spillovers especially for women,Bossavie Cho Heath,Same publication-linked manuscript,Section5.3;Figures6;pp22-27,https://doi.org/10.1016/j.jdeveco.2023.103107,2026-09-26,Treated-district-only comparison gives weaker female wage result; cannot treat controls as automatically unaffected
L04,Committee enforcement improves short-run compliance and safety indicators,Boudreau,28May2024 author manuscript;Econometrica92(4)1269-1308,Sections3-4;TablesIII-IV;pp29-32,https://www.dropbox.com/scl/fi/gvdumdqzp7ea6cvt2idqs/boudreau_2024_05.pdf?dl=1&rlkey=6ofaaflj21q97ytyk6nbfv2yt,2026-09-26,84randomized80retained; incremental formal-factory intervention
L05,No detected average factory wage-bill/employment losses; safety persistence imprecise,Boudreau,Same2024manuscript,TablesVI-IX;pp35-46,https://doi.org/10.3982/ECTA19408,2026-09-26,Null is not proof of zero cost; management safety differences not significant at conventional levels
L06,Trade relationships concern attributes omitted from border data,Boudreau Cajal-Grossi Macchiavello,23May2023 author manuscript;JEP37(3)59-86,Maintextpp5-23,https://www.dropbox.com/scl/fi/pwuo33mkwp0yfz8zu1ams/JEP_20230523.pdf?rlkey=ri1896vgkjkkbuechod0ep3ia&dl=1,2026-09-26,Conceptual synthesis; not a causal estimate for this project
D01,Public preview provides small extracts of final data,UNComtrade API documentation,Accessed2026,Public API access,https://uncomtrade.org/docs/un-comtrade-api/,2026-09-26,No APIkey required for this panel
D02,Small extracts and free analytical applications are within source redistribution exceptions,UNComtrade terms,Accessed2026,Exceptions to redistribution permission,https://uncomtrade.org/docs/policy-on-use-and-re-dissemination/,2026-09-26,120records; source data not MITlicensed
D03,Primary value prefers CIF where available; quantity flags and preaggregation exist,UNComtrade methodology,ComtradePlus methodology guide,SectionsIV-V;Annex1,https://comtradeapi.un.org/files/v1/app/wiki/MethodologyGuideforComtradePlus.pdf,2026-09-26,All120sourceprimaryValue=cifvalue; no physical quantities used
D04,Official comparison has different levels but same growth direction,USITC,Publication 5543, August 2024,Table5.5 p132,https://www.usitc.gov/sites/default/files/publications/332/pub5543_0.pdf,2026-09-26,Consumption imports;2024vintage; not exact numerical replication
R01,Bangladesh value2012$4.520972350bn;2018$5.429199687bn;growth20.0892%,Original calculation,Analysis1.0.0,annual_summary.csv Bangladesh rows;contrasts.csv2012-2018,outputs/annual_summary.csv,2026-09-26,Current dollars not physical export volume
R02,Bangladesh share5.60305711%to6.26000684%;change0.65694973pp,Original calculation,Analysis1.0.0,contrasts.csv2012-2018,outputs/contrasts.csv,2026-09-26,World denominator covers all origins
R03,Withinchapter0.80356395pp;composition-0.14661422pp,Original calculation,Analysis1.0.0,contrasts.csv2012-2018,outputs/contrasts.csv,2026-09-26,Symmetric accounting identity not causal contribution
R04,2013-2018sharegain0.245465pp;2012-2019gain1.170752pp,Original calculation,Analysis1.0.0,Plannedalternativeendpointrows,outputs/contrasts.csv,2026-09-26,2013mixedpolicyyear;2019tradeconflict
R05,KnitshareofBangladeshapparel23.7067%in2012to28.2389%in2018,Original calculation,Analysis1.0.0,annual_summary.csv Bangladesh rows knit_share_pct,outputs/annual_summary.csv,2026-09-26,OwnproductcompositionnotUSmarketshare
R06,Vietnamsharegain5.49065pp;Chinaloss4.99234pp;India+0.62775pp;Cambodia-0.34892pp,Original calculation,Analysis1.0.0,annual_summary.csv 2012and2018,outputs/annual_summary.csv,2026-09-26,Contextualsuppliersnotcausalcontrols
A01,Older detectors misclassified many nonnativeEnglishessays,Liang et al.,arXiv2304.02819v3;Patterns2023,ResultsandDiscussionlimitations,https://arxiv.org/html/2304.02819v3,2026-09-26,Smallhistoricalbenchmarknotaccuracyestimatefor2026tools;noevasionoptimization
