year,country,value_usd,share_pct,index_2012,knit_usd,nonknit_usd,knit_share_pct,knit_market_share_pct,nonknit_market_share_pct
2010,World,75645812548.0,100.0,93.75147094494925,39949252910.0,35696559638.0,52.81092444429856,100.0,100.0
2010,Bangladesh,4063921883.0,5.372302505735258,89.8904387902306,1075540713.0,2988381170.0,26.4655853130236,2.6922674009024417,8.371622364466697
2010,Cambodia,2313033302.0,3.057714927091697,87.94416983581004,1595520007.0,717513295.0,68.97955189924888,3.993866945633452,2.0100348668788426
2010,China,30143540513.0,39.84826059456078,97.71667242641223,14696529630.0,15447010883.0,48.75515410560956,36.78799616881246,43.27310822008802
2010,India,3343114006.0,4.419430360244558,103.22985534281663,1497176948.0,1845937058.0,44.783903429944836,3.747696987908453,5.1711903800245995
2010,Vietnam,6072720343.0,8.027834110641141,83.28172908979894,3519105521.0,2553614822.0,57.94940853906534,8.8089395036449,7.153672084638668
2011,World,81532747657.0,100.0,101.04743098868609,43285857103.0,38246890554.0,53.09014886276029,100.0,100.0
2011,Bangladesh,4567493232.0,5.602035210704514,101.02900169252307,1086367322.0,3481125910.0,23.784760410565617,2.5097512090726455,9.101722674906263
2011,Cambodia,2674078384.0,3.2797599257289556,101.67151651185542,1869414592.0,804663792.0,69.90874325843996,4.318765336104288,2.103867217294205
2011,China,31207783917.0,38.276379508621474,101.16664287848265,15632689273.0,15575094644.0,50.092276063486565,36.11500457482347,40.72251212686125
2011,India,3535055721.0,4.335749527136778,109.1566994283432,1532944528.0,2002111193.0,43.36408387832594,3.5414443206064106,5.234703171943508
2011,Vietnam,6799780310.0,8.339937639052698,93.25268243256713,3923199930.0,2876580380.0,57.6959806220563,9.0634682840278,7.521082990886842
2012,World,80687600723.0,100.0,100.0,42598145913.0,38089454810.0,52.79391818730508,100.0,100.0
2012,Bangladesh,4520972350.0,5.603057110993383,100.0,1071774834.0,3449197516.0,23.7067327784033,2.5160128710506116,9.0555182089255
2012,Cambodia,2630115568.0,3.259627928495692,100.0,1860726246.0,769389322.0,70.74693859992391,4.3680920991261925,2.0199536219090346
2012,China,30847899099.0,38.23127571347751,100.0,15553927848.0,15293971251.0,50.42135219025082,36.51315688660827,40.15277017560442
2012,India,3238514667.0,4.0136460100205475,100.0,1310995422.0,1927519245.0,40.481379792991376,3.0775879886357065,5.0605062598426835
2012,Vietnam,7291779853.0,9.037051278836053,100.0,4312224880.0,2979554973.0,59.13816608472972,10.123034201551965,7.822519350467962
2013,World,83743833357.0,100.0,103.787735174444,44423860186.0,39319973171.0,53.04732110437441,100.0,100.0
2013,Bangladesh,5036807894.0,6.014541837997892,111.40983629329209,1217826167.0,3818981727.0,24.178531177468805,2.741378533745235,9.71257460016948
2013,Cambodia,2640299816.0,3.1528289429317153,100.38721674910067,1926464740.0,713835076.0,72.96386297971851,4.336554121893076,1.8154515846070844
2013,China,31641476026.0,37.78364896566458,102.57254772668043,16158396997.0,15483079029.0,51.06714043214211,36.37323935683611,39.3771352835494
2013,India,3409268815.0,4.0710684934451065,105.27260690649204,1447123498.0,1962145317.0,42.44674082703567,3.2575365849365228,4.9902000402359326
2013,Vietnam,8345652320.0,9.965691783444495,114.45288377111953,4887138992.0,3458513328.0,58.559101249499456,11.001157872228678,8.79581812774681
2014,World,85726980308.0,100.0,106.24554397434638,46627467575.0,39099512733.0,54.390656719129474,100.0,100.0
2014,Bangladesh,4867354867.0,5.67773978450257,107.66168182824654,1246193087.0,3621161780.0,25.60308670832732,2.672658739176658,9.261398741022516
2014,Cambodia,2566543381.0,2.9938572101559155,97.58291279008922,1949935434.0,616607947.0,75.97515975904714,4.181945825952354,1.5770220749569155
2014,China,31646930652.0,36.91595170890059,102.5902300524119,16724921864.0,14922008788.0,52.84848015092747,35.86924774994066,38.16418094490937
2014,India,3597933404.0,4.196967385382456,111.09825873763752,1570073096.0,2027860308.0,43.63819225376635,3.3672707904939223,5.186408132110775
2014,Vietnam,9517141489.0,11.10168753735032,130.5187715600662,5605110237.0,3912031252.0,58.894892373707364,12.021047954157524,10.00531970491347
2015,World,89089022371.0,100.0,110.41228339016055,48514527157.0,40574495214.0,54.456234747943874,100.0,100.0
2015,Bangladesh,5455240804.0,6.123359151122275,120.6652105271115,1505726128.0,3949514676.0,27.601460358925706,3.103660318335688,9.733983516416595
2015,Cambodia,2572030885.0,2.8870345824304833,97.79155396414124,1957146203.0,614884682.0,76.09341763405769,4.034144652521075,1.515446288997423
2015,China,32276142474.0,36.22909042551851,104.62995347079016,16930310577.0,15345831897.0,52.454566374027465,34.8974040748889,37.82137477265523
2015,India,3869050760.0,4.342904049264146,119.46991623737489,1690217479.0,2178833281.0,43.68558553106189,3.4839409513983566,5.369957825743217
2015,Vietnam,10861433196.0,12.191662796308316,148.9544859411981,6390035187.0,4471398009.0,58.8323388975342,13.171385070539646,11.020218453530308
2016,World,83969155114.0,100.0,104.06698719703608,45417624169.0,38551530945.0,54.088461539644115,100.0,100.0
2016,Bangladesh,5308778290.0,6.322295708218789,117.42558633432031,1420218083.0,3888560207.0,26.752258343039596,3.12701976156951,10.086655735015194
2016,Cambodia,2214530727.0,2.637314528166279,84.19898935026569,1630727439.0,583803288.0,73.63760724192471,3.5905168287359692,1.5143452768007837
2016,China,29297046664.0,34.89024823963647,94.97258328671636,15115235559.0,14181811105.0,51.593035067160855,33.280550965756966,36.78663533552701
2016,India,3822128718.0,4.551824670393455,118.02104084773626,1672793198.0,2149335520.0,43.766008981385646,3.683136730744653,5.57522740942863
2016,Vietnam,11045986949.0,13.154814924603578,151.48546955179174,6472126793.0,4573860156.0,58.592562374753896,14.250253973913454,11.864276317652214
2017,World,83556640637.0,100.0,103.55573828976449,45748924363.0,37807716274.0,54.751991001828,100.0,100.0
2017,Bangladesh,5061398278.0,6.057445870745963,111.95375432897747,1429381598.0,3632016680.0,28.24084412034883,3.1244048202279258,9.606548709998924
2017,Cambodia,2231163022.0,2.670240216684838,84.83136821613611,1653591037.0,577571985.0,74.11341173616852,3.6144916192551224,1.527656367325182
2017,China,28393403423.0,33.981025573240935,92.04323228585908,14884551494.0,13508851929.0,52.42256897580235,32.535303728448014,35.73040971609784
2017,India,3874758725.0,4.6372839973705275,119.64616879717222,1734936623.0,2139822102.0,44.77534592815195,3.7923003593132587,5.659749683086611
2017,Vietnam,11849669309.0,14.181600910069147,162.5072279729452,6995643040.0,4854026269.0,59.0366098629158,15.291382556871241,12.838718514024785
2018,World,86728334719.0,100.0,107.48657035513772,47698335626.0,39029999093.0,54.997407456908654,100.0,100.0
2018,Bangladesh,5429199687.0,6.260006841582534,120.08920353162522,1533144824.0,3896054863.0,28.238873358647197,3.2142522456575917,9.982205876347956
2018,Cambodia,2524411675.0,2.9107115721512464,95.98101717331076,1875599350.0,648812325.0,74.29847392066114,3.932211313842207,1.66234265969113
2018,China,28827575087.0,33.23893532650132,93.4506917131822,15386553651.0,13441021436.0,53.374429186514114,32.258051458325745,34.4376678153975
2018,India,4025407464.0,4.641398312376606,124.29795378166185,1879365079.0,2146042385.0,46.68757376259488,3.9401061993776834,5.498443338126777
2018,Vietnam,12599634991.0,14.527703122425727,172.79231195955856,7395714973.0,5203920018.0,58.69785099554714,15.505184564487513,13.333128718758589
2019,World,87522802546.0,100.0,108.47119230433584,48241179417.0,39281623129.0,55.11841258927412,100.0,100.0
2019,Bangladesh,5928627158.0,6.773808636765313,131.1361074349415,1686193853.0,4242433305.0,28.441556671761276,3.4953412693840398,10.800045840946899
2019,Cambodia,2821768477.0,3.2240380734117178,107.28686265089627,2119002397.0,702766080.0,75.09483553565121,4.392517808661353,1.7890454212956814
2019,China,26396703120.0,30.159801048562734,85.570505256404,14184120764.0,12212582356.0,53.73444062131044,29.4025165541487,31.08981091716639
2019,India,4262386578.0,4.870029813955953,131.6154785844606,2006812194.0,2255574384.0,47.081890797001286,4.159956738729334,5.7420600380812745
2019,Vietnam,13886019511.0,15.865601999778084,190.43388296050907,7962509224.0,5923510287.0,57.34191297723865,16.505627184550224,15.07959655217739
