year,partner_code,country,hs,hs_revision,is_reported,is_aggregate,legacy_estimation_flag,value_usd
2010,0,World,61,H3,True,False,0,39949252910.0
2010,0,World,62,H3,True,False,0,35696559638.0
2010,50,Bangladesh,61,H3,True,False,0,1075540713.0
2010,50,Bangladesh,62,H3,True,False,0,2988381170.0
2010,116,Cambodia,61,H3,True,False,0,1595520007.0
2010,116,Cambodia,62,H3,True,False,0,717513295.0
2010,156,China,61,H3,True,False,0,14696529630.0
2010,156,China,62,H3,True,False,0,15447010883.0
2010,699,India,61,H3,True,False,0,1497176948.0
2010,699,India,62,H3,True,False,0,1845937058.0
2010,704,Vietnam,61,H3,True,False,0,3519105521.0
2010,704,Vietnam,62,H3,True,False,0,2553614822.0
2011,0,World,61,H3,True,False,0,43285857103.0
2011,0,World,62,H3,True,False,0,38246890554.0
2011,50,Bangladesh,61,H3,True,False,0,1086367322.0
2011,50,Bangladesh,62,H3,True,False,0,3481125910.0
2011,116,Cambodia,61,H3,True,False,0,1869414592.0
2011,116,Cambodia,62,H3,True,False,0,804663792.0
2011,156,China,61,H3,True,False,0,15632689273.0
2011,156,China,62,H3,True,False,0,15575094644.0
2011,699,India,61,H3,True,False,0,1532944528.0
2011,699,India,62,H3,True,False,0,2002111193.0
2011,704,Vietnam,61,H3,True,False,0,3923199930.0
2011,704,Vietnam,62,H3,True,False,0,2876580380.0
2012,0,World,61,H4,True,False,0,42598145913.0
2012,0,World,62,H4,True,False,0,38089454810.0
2012,50,Bangladesh,61,H4,True,False,0,1071774834.0
2012,50,Bangladesh,62,H4,True,False,0,3449197516.0
2012,116,Cambodia,61,H4,True,False,0,1860726246.0
2012,116,Cambodia,62,H4,True,False,0,769389322.0
2012,156,China,61,H4,True,False,0,15553927848.0
2012,156,China,62,H4,True,False,0,15293971251.0
2012,699,India,61,H4,True,False,0,1310995422.0
2012,699,India,62,H4,True,False,0,1927519245.0
2012,704,Vietnam,61,H4,True,False,0,4312224880.0
2012,704,Vietnam,62,H4,True,False,0,2979554973.0
2013,0,World,61,H4,True,False,0,44423860186.0
2013,0,World,62,H4,True,False,0,39319973171.0
2013,50,Bangladesh,61,H4,True,False,0,1217826167.0
2013,50,Bangladesh,62,H4,True,False,0,3818981727.0
2013,116,Cambodia,61,H4,True,False,0,1926464740.0
2013,116,Cambodia,62,H4,True,False,0,713835076.0
2013,156,China,61,H4,True,False,0,16158396997.0
2013,156,China,62,H4,True,False,0,15483079029.0
2013,699,India,61,H4,True,False,0,1447123498.0
2013,699,India,62,H4,True,False,0,1962145317.0
2013,704,Vietnam,61,H4,True,False,0,4887138992.0
2013,704,Vietnam,62,H4,True,False,0,3458513328.0
2014,0,World,61,H4,True,False,0,46627467575.0
2014,0,World,62,H4,True,False,0,39099512733.0
2014,50,Bangladesh,61,H4,True,False,0,1246193087.0
2014,50,Bangladesh,62,H4,True,False,0,3621161780.0
2014,116,Cambodia,61,H4,True,False,0,1949935434.0
2014,116,Cambodia,62,H4,True,False,0,616607947.0
2014,156,China,61,H4,True,False,0,16724921864.0
2014,156,China,62,H4,True,False,0,14922008788.0
2014,699,India,61,H4,True,False,0,1570073096.0
2014,699,India,62,H4,True,False,0,2027860308.0
2014,704,Vietnam,61,H4,True,False,0,5605110237.0
2014,704,Vietnam,62,H4,True,False,0,3912031252.0
2015,0,World,61,H4,True,False,0,48514527157.0
2015,0,World,62,H4,True,False,0,40574495214.0
2015,50,Bangladesh,61,H4,True,False,0,1505726128.0
2015,50,Bangladesh,62,H4,True,False,0,3949514676.0
2015,116,Cambodia,61,H4,True,False,0,1957146203.0
2015,116,Cambodia,62,H4,True,False,0,614884682.0
2015,156,China,61,H4,True,False,0,16930310577.0
2015,156,China,62,H4,True,False,0,15345831897.0
2015,699,India,61,H4,True,False,0,1690217479.0
2015,699,India,62,H4,True,False,0,2178833281.0
2015,704,Vietnam,61,H4,True,False,0,6390035187.0
2015,704,Vietnam,62,H4,True,False,0,4471398009.0
2016,0,World,61,H4,False,True,4,45417624169.0
2016,0,World,62,H4,False,True,0,38551530945.0
2016,50,Bangladesh,61,H4,False,True,0,1420218083.0
2016,50,Bangladesh,62,H4,False,True,0,3888560207.0
2016,116,Cambodia,61,H4,False,True,0,1630727439.0
2016,116,Cambodia,62,H4,False,True,0,583803288.0
2016,156,China,61,H4,False,True,0,15115235559.0
2016,156,China,62,H4,False,True,0,14181811105.0
2016,699,India,61,H4,False,True,0,1672793198.0
2016,699,India,62,H4,False,True,0,2149335520.0
2016,704,Vietnam,61,H4,False,True,0,6472126793.0
2016,704,Vietnam,62,H4,False,True,0,4573860156.0
2017,0,World,61,H5,False,True,4,45748924363.0
2017,0,World,62,H5,False,True,0,37807716274.0
2017,50,Bangladesh,61,H5,False,True,0,1429381598.0
2017,50,Bangladesh,62,H5,False,True,0,3632016680.0
2017,116,Cambodia,61,H5,False,True,0,1653591037.0
2017,116,Cambodia,62,H5,False,True,0,577571985.0
2017,156,China,61,H5,False,True,0,14884551494.0
2017,156,China,62,H5,False,True,0,13508851929.0
2017,699,India,61,H5,False,True,0,1734936623.0
2017,699,India,62,H5,False,True,0,2139822102.0
2017,704,Vietnam,61,H5,False,True,0,6995643040.0
2017,704,Vietnam,62,H5,False,True,0,4854026269.0
2018,0,World,61,H5,False,True,4,47698335626.0
2018,0,World,62,H5,False,True,0,39029999093.0
2018,50,Bangladesh,61,H5,False,True,0,1533144824.0
2018,50,Bangladesh,62,H5,False,True,0,3896054863.0
2018,116,Cambodia,61,H5,False,True,0,1875599350.0
2018,116,Cambodia,62,H5,False,True,0,648812325.0
2018,156,China,61,H5,False,True,0,15386553651.0
2018,156,China,62,H5,False,True,0,13441021436.0
2018,699,India,61,H5,False,True,4,1879365079.0
2018,699,India,62,H5,False,True,0,2146042385.0
2018,704,Vietnam,61,H5,False,True,0,7395714973.0
2018,704,Vietnam,62,H5,False,True,0,5203920018.0
2019,0,World,61,H5,False,True,4,48241179417.0
2019,0,World,62,H5,False,True,4,39281623129.0
2019,50,Bangladesh,61,H5,False,True,4,1686193853.0
2019,50,Bangladesh,62,H5,False,True,4,4242433305.0
2019,116,Cambodia,61,H5,False,True,4,2119002397.0
2019,116,Cambodia,62,H5,False,True,4,702766080.0
2019,156,China,61,H5,False,True,4,14184120764.0
2019,156,China,62,H5,False,True,4,12212582356.0
2019,699,India,61,H5,False,True,4,2006812194.0
2019,699,India,62,H5,False,True,4,2255574384.0
2019,704,Vietnam,61,H5,False,True,4,7962509224.0
2019,704,Vietnam,62,H5,False,True,4,5923510287.0
